module_id,module_name,topic_id,level,summary
1,Module 1 - Introduction to Machine Learning,1,beginner,"This module provides an overview of machine learning, its applications, and basic concepts such as supervised learning, unsupervised learning, and reinforcement learning."
2,Module 2 - Data Preprocessing in Machine Learning,1,beginner,"This module covers the basics of data preprocessing in machine learning, including data cleaning, data transformation, and feature scaling."
3,Module 3 - Supervised Learning Algorithms,1,beginner,"This module introduces various supervised learning algorithms such as linear regression, logistic regression, decision trees, and naive Bayes."
4,Module 4 - Unsupervised Learning Techniques,1,beginner,"In this module, learners will explore unsupervised learning techniques including clustering, dimensionality reduction, and association rule mining."
5,Module 1: Advanced Deep Learning Techniques,1,advanced,"This module covers advanced topics in deep learning such as generative adversarial networks, reinforcement learning, and advanced optimization techniques."
6,Module 2: Advanced Neural Network Architectures,1,advanced,"This module delves into advanced neural network architectures such as convolutional neural networks, recurrent neural networks, and attention mechanisms."
7,Module 3: Advanced Support Vector Machines and Kernel Methods,1,advanced,"This module explores advanced support vector machine techniques, kernel methods, and their applications in complex classification and regression problems."
8,Module 4: Advanced Bayesian Inference and Probabilistic Graphical Models,1,advanced,"This module focuses on advanced topics in Bayesian inference, probabilistic graphical models, and their applications in modeling complex data distributions and making inferences."
9,Module 5: Advanced Ensemble Learning Methods,1,advanced,"This module covers advanced ensemble learning techniques such as boosting, bagging, and stacking, and their applications in improving predictive performance of machine learning models."
10,Module 6: Advanced Reinforcement Learning and Deep Q-Networks,1,advanced,"This module delves into advanced reinforcement learning algorithms, deep Q-networks, and their applications in solving complex sequential decision-making problems."
11,Investment Banking 101,2,beginner,"An introduction to the basics of investment banking, including an overview of its different business areas and the impact of macroeconomic factors on the industry."
12,2024 Investment Banking Trends,2,beginner,"A beginner's guide to the trends that are likely to shape the investment banking industry in 2024, including challenges and potential positive changes."
13,Opportunities in Investment Banking for 2024,2,beginner,"An overview of the potential opportunities in investment banking for the year 2024, with a focus on advisory and underwriting businesses as well as the impact of interest rates on the industry."
14,2024 Investment Banking Outlook,2,beginner,"A beginner's guide to the outlook for investment banking in 2024, including insights on deal-making, market dynamics, and the global economy."
15,Fixed-Income Opportunities for 2024,2,advanced,"This module covers the broad fixed-income landscape and the opportunities it presents for investment in 2024, including a positive outlook for both stocks and bonds in the year ahead."
16,Banking Industry Outlook for 2024,2,advanced,"In this module, students will explore how the macroeconomic environment in 2024 will impact the banking industry, including the proposed changes aimed at improving the strength and resiliency of the US banking system and the new competitive dynamics in investment banking and sales and trading businesses."
17,Challenges and Trends in Banking for 2024,2,advanced,"This advanced module delves into the trends that are likely to shape banking in 2024, including the growth environment, geopolitical instability, an evolving regulatory environment, and a muddled economic picture, and how the industry is challenged but undaunted with brighter days in the year ahead."
18,Market Dynamics and Outlook for Investment Banking in 2024,2,advanced,"Students will explore the investment banking outlook for 2024, including market dynamics, the U.S. and global economy, sector trends, and the outlook for deal-making in the coming year."
19,2024 Investment Strategy Outlook,2,advanced,"This module focuses on the 2024 investment outlook, including opportunities in fixed income, caution on emerging markets and commodities, and the implications of reduced levels of inflation on valuations and investment choices."
20,Module 1: Introduction to Recommender System,3,beginner,"This module will provide an overview of recommender systems, including their benefits and applications. It will also cover different types of recommender systems and their basic principles."
21,Module 2: Collaborative Filtering in Recommender System,3,beginner,"This module will focus on collaborative filtering, a popular approach in recommender systems. It will discuss user-based and item-based collaborative filtering methods, as well as their advantages and limitations."
22,Module 3: Content-Based Filtering in Recommender System,3,beginner,"This module will cover content-based filtering, another common approach in recommender systems. It will explain how content-based filtering uses item features to make recommendations and the challenges associated with this method."
23,Module 4: Evaluation Metrics for Recommender System,3,beginner,"This module will introduce various evaluation metrics used to assess the performance of recommender systems. It will discuss metrics such as precision, recall, and mean average precision, and how they can be used to measure the effectiveness of recommendation algorithms."
24,Module 5: Hybrid Recommender Systems,3,beginner,"This module will discuss hybrid recommender systems, which combine multiple recommendation techniques to improve the accuracy and coverage of recommendations. It will explore different hybridization strategies and their benefits."
25,Module 6: Implementing Recommender System in Python,3,beginner,"This module will provide a practical guide to implementing recommender systems in Python. It will cover the use of libraries such as scikit-learn and surprise, as well as the steps involved in building a basic recommender system."
26,Module 1 - Advanced Techniques in Collaborative Filtering,3,advanced,"This module will cover advanced techniques in collaborative filtering, such as matrix factorization, SVD++, and neural collaborative filtering. It will also discuss the challenges and current research in improving collaborative filtering methods."
27,Module 2 - Content-Based Recommender Systems with Natural Language Processing,3,advanced,"This module will explore content-based recommender systems that utilize natural language processing techniques to analyze item features and user preferences. It will cover methods for extracting and representing textual data, as well as integrating NLP with recommendation algorithms."
28,Module 3 - Advanced Hybrid Recommender Systems,3,advanced,"This module will delve into advanced hybrid recommender systems that combine collaborative filtering, content-based filtering, and other recommendation techniques. It will discuss feature-level, model-level, and cascade-level hybrid approaches, as well as optimization and evaluation strategies."
29,Module 4 - Context-Aware Recommender Systems,3,advanced,"This module will focus on context-aware recommender systems that incorporate contextual information, such as user location, time, and device. It will cover techniques for modeling contextual factors, adapting recommendations to different contexts, and handling dynamic user preferences."
30,Module 5 - Reinforcement Learning for Personalized Recommendations,3,advanced,"This module will explore the application of reinforcement learning in building personalized recommendation systems. It will cover topics such as multi-armed bandits, deep Q-learning, and policy gradient methods for optimizing recommendation policies."
31,Module 6 - Fairness and Diversity in Recommender Systems,3,advanced,"This module will discuss the challenges of fairness and diversity in recommender systems, including algorithmic biases, filter bubbles, and ethical considerations. It will explore advanced techniques for promoting fairness and diversity in recommendation results."
32,Module 1 - Introduction to Data Structures,4,beginner,"This module provides an overview of basic data structures such as arrays, linked lists, and stacks. It covers their properties, operations, and applications in programming."
33,Module 2 - Arrays and Linked Lists,4,beginner,"This module focuses on the implementation and manipulation of arrays and linked lists. It includes topics such as insertion, deletion, and traversal of elements in arrays and linked lists."
34,Module 3 - Stacks and Queues,4,beginner,"This module delves into the concept of stacks and queues, their implementation using arrays and linked lists, and various operations performed on them."
35,Module 4 - Trees and Graphs,4,beginner,"This module introduces the fundamentals of trees and graphs, including different types of trees (binary, BST) and graph representation (adjacency matrix, adjacency list). It also covers basic tree and graph traversal algorithms."
36,Module 1 - Introduction to AI,5,beginner,"This module provides an overview of artificial intelligence, including its history, applications, and basic concepts."
37,Module 2 - Machine Learning Basics,5,beginner,"Learn about the fundamental concepts of machine learning, including algorithms, data training, and model evaluation."
38,Module 3 - Neural Networks and Deep Learning,5,beginner,"Explore the basics of neural networks and deep learning, including their architecture, training process, and applications."
39,Module 4 - Natural Language Processing (NLP),5,beginner,"This module covers the basics of NLP, including text processing, sentiment analysis, and language generation."
40,Module 5 - AI Ethics and Bias,5,beginner,"Understand the ethical and social implications of AI, including bias in algorithms, privacy concerns, and responsible AI usage."
41,Module 6 - AI in Practice,5,beginner,"This module focuses on practical applications of AI in various industries, including healthcare, finance, and transportation."
42,Module 1: Advanced Machine Learning Algorithms,5,advanced,"This module covers advanced machine learning algorithms such as deep learning, reinforcement learning, and generative adversarial networks. It dives deep into the mathematical concepts and practical applications of these algorithms in artificial intelligence."
43,Module 2: Natural Language Processing and Understanding,5,advanced,"This module explores advanced techniques for processing and understanding human language using artificial intelligence. Topics include sentiment analysis, text generation, and language translation using neural networks and deep learning."
44,Module 3: Advanced Computer Vision and Image Recognition,5,advanced,"This module delves into cutting-edge computer vision and image recognition algorithms, including object detection, image segmentation, and visual question-answering systems. Students will get hands-on experience in building and training advanced models for image recognition."
45,Module 4: Reinforcement Learning and Autonomous Agents,5,advanced,"This module focuses on reinforcement learning algorithms and their application in creating autonomous agents that can learn and make decisions in dynamic environments. Students will explore topics such as Markov decision processes, policy gradients, and deep reinforcement learning."
46,Module 5: Ethics and Bias in AI Systems,5,advanced,"This module examines the ethical considerations and potential biases in artificial intelligence systems. Students will explore topics such as fairness, accountability, transparency, and the societal impact of AI technologies."
47,Module 6: Advanced AI Applications and Research,5,advanced,"This module covers advanced applications of artificial intelligence in fields such as healthcare, finance, robotics, and scientific research. Students will also explore current research trends and challenges in the field of AI."
48,Data Visualization Trends in 2024,6,beginner,"A beginner module exploring the evolving trends in data visualization expected to shape the landscape in 2024, including the increasing importance of turning raw data into actionable insights and the tools and techniques used to achieve this."
49,Emerging Business Trends in Data Visualization: 2024 and Beyond,6,beginner,"An introductory module on the future trends in data visualization for businesses, covering the broader integration of artificial intelligence and machine learning, the crucial role of data visualization in managing the sheer volume of data in 2024, and the insights businesses should keep an eye on."
50,Top Data Visualization Tools for 2024,6,beginner,"A beginner-friendly overview of the advancements in data visualization tools for 2024, including how they can be leveraged for optimal data analysis, the democratization of data analysis through new generation tools with advanced features and interactive capabilities."
51,"Latest Data Visualization Tools, Examples & Trends to Master for 2024",6,beginner,"A module providing an entry-level understanding of the innovative data visualization tools entering the market in 2024, as well as the emerging technologies and examples in the field, catering to those immersed in the world of data science and visualization."
52,Charting Tomorrow: Perspective on 2024 Data Visualization Trends,6,beginner,"An introductory perspective on the future of data visualization in 2024, covering automated code generation, low-code integration, real-time collaboration, and the demands for flexibility in data visualization, including strategies and features for JavaScript charting providers to remain relevant in the future."
53,Advanced Data Visualization Trends in 2024,6,advanced,"Explore the evolving landscape of data visualization, including the increasing importance of turning raw data into actionable insights, the integration of artificial intelligence and machine learning, and the advancements in data visualization tools set to transform the field."
54,Future Business Implications of Data Visualization in 2024 and Beyond,6,advanced,"Gain insights into the crucial role of data visualization in 2024, including its importance in managing the sheer volume of data businesses have to handle, emerging trends in data visualization tools, and the broader integration of artificial intelligence and machine learning in the field."
55,Cutting-Edge Data Visualization Tools for 2024,6,advanced,"Discover the advancements in data visualization tools for 2024 and how they can be leveraged for optimal data analysis, including a new generation of tools with advanced features and interactive capabilities that promise to democratize data analysis and make it more accessible and impactful."
56,Innovative Examples and Emerging Technologies in Data Visualization for 2024,6,advanced,"Gain an exciting glimpse into the world of data science and visualization in 2024, including the innovative examples, new technologies, and the latest data visualization tools entering the market that are set to redefine the field at a rapid pace."
57,The Future of Data Visualization: Charting Tomorrow in 2024,6,advanced,"Explore the future where data visualization knows no bounds, including the redefining of the data visualization landscape with automated code generation, low-code integration, real-time collaboration, and the evolving demands for flexibility in data visualization that JavaScript charting providers need to adapt and innovate to meet."
58,Introduction to Computer Graphics,7,beginner,"This module provides an overview of computer graphics, including its applications in virtual reality, gaming, and 3D rendering. It introduces the basic concepts and technologies used in computer graphics."
59,Understanding Graphics Cards,7,beginner,"This module explores the role of graphics cards in computer graphics, covering topics such as GPU benchmarks, hierarchy, and the best graphics cards for different budgets. It helps beginners understand the importance of graphics cards in achieving high-quality visuals and smooth gaming experiences."
60,Principles of 3D Rendering,7,beginner,"This module focuses on the principles of 3D rendering in computer graphics, including the use of ray tracing technology and the impact of graphics cards on achieving realistic 3D visuals. It offers a beginner-friendly introduction to 3D rendering techniques."
61,Exploring Generative AI in Graphics,7,beginner,"This module delves into the use of Generative AI in computer graphics, particularly in gaming and 3D rendering. It covers how next-generation AI innovations are revolutionizing visual experiences and enhancing graphics card capabilities."
62,Module 1: Cutting-Edge Graphics Technologies,7,advanced,"Explore the latest advancements in computer graphics, including 4K fully ray-traced gaming, 3D rendering, next-generation AI NPCs, and new GeForce RTX 40 SUPER Series graphics cards unveiled at CES 2024 by NVIDIA."
63,Module 2: International Conferences and Exhibitions on Computer Graphics,7,advanced,"Learn about the oldest annual international conferences on Computer Graphics, such as Computer Graphics International 2024 in Geneva, Switzerland, and the 51st International Conference & Exhibition on Computer Graphics & Interactive Techniques, SIGGRAPH 2024."
64,Module 3: GPU Benchmarks Hierarchy and Ranking,7,advanced,"Gain insight into GPU benchmark rankings for 2023 and 2024, exploring the performance of current and previous generation graphics cards and their applications in ray tracing and 3D content display."
65,Module 4: The Best Graphics Cards for Advanced Applications,7,advanced,"Discover the best graphics cards for advanced applications in 3D content display, gaming, and acceleration of work, including the latest Nvidia GeForce, AMD Radeon, and Intel cards available in 2024."
66,Module 1,7,beginner,"Introduction to Computer Graphics: This module will provide a basic understanding of what computer graphics is, its applications, and the fundamental concepts involved."
67,Module 2,7,beginner,"2D Rendering Techniques: This module will cover the basics of 2D rendering techniques, including rasterization, anti-aliasing, and color models."
68,Module 3,7,beginner,"3D Modeling and Animation: This module will focus on the principles of 3D modeling, including geometry, shading, and animation techniques."
69,Module 4,7,beginner,"Introduction to OpenGL: This module will introduce students to the basics of OpenGL, including setting up a development environment, basic rendering, and shader programming."
70,Module 5,7,beginner,"Interactive Computer Graphics: This module will cover interactive techniques in computer graphics, including user input, real-time rendering, and game development."
71,Module 6,7,beginner,"Graphics Programming with WebGL: This module will focus on web-based graphics programming using WebGL, including basic rendering, shader programming, and interactive web graphics."
72,Module 1: Advanced 3D Rendering Techniques,7,advanced,"This module explores advanced techniques in 3D rendering, including global illumination, ray tracing, and advanced shading models. Students will learn about the latest developments in rendering technology and their applications in computer graphics."
73,Module 2: Real-Time Graphics Programming,7,advanced,"This module focuses on the principles and techniques of real-time graphics programming, including GPU programming, shader development, and optimization. Students will gain practical skills in developing graphics applications for real-time rendering."
74,Module 3: Advanced Image Processing,7,advanced,"This module delves into advanced topics in digital image processing, such as image enhancement, image segmentation, and object recognition. Students will explore state-of-the-art algorithms and methods for advanced image analysis and manipulation."
75,Module 4: Advanced Animation and Simulation,7,advanced,"This module covers advanced animation techniques and simulation methods for computer graphics. Topics include physically-based animation, character animation, and simulation of natural phenomena. Students will have hands-on experience in creating advanced animated graphics and simulations."
76,Module 5: Advanced Virtual Reality Systems,7,advanced,"This module examines advanced virtual reality systems and technologies, including VR hardware, interaction design, and immersive environments. Students will learn about the latest developments in VR technology and its applications in computer graphics."
77,Module 6: Advanced Computer Graphics Research,7,advanced,"This module offers a comprehensive overview of advanced research topics in computer graphics, including visual perception, rendering algorithms, and graphics hardware. Students will engage in critical analysis of current research and developments in the field."
78,Introduction to Machine Learning Trends,1,beginner,"This module will provide an overview of the top machine learning trends for 2024, including AI and ML projects, development capabilities, and innovations propelling new trends. It will cover topics such as supervised learning, data collection for ML, configuring hyperparameters, and more."
79,AI and Machine Learning in 2024,1,beginner,"In this module, beginners will learn about the latest trends in AI and ML that are poised to take center stage in 2024. It will delve into the rapid transformation brought about by AI and ML, their impact on humanity, and the reshaping of lives and work."
80,Future of Machine Learning,1,beginner,"Beginners will explore the future of machine learning and AI, including the top AI and machine learning trends for 2023 and 2024. This module will cover topics such as automated machine learning (AutoML), multimodal AI, and the integration of large language models (LLMs) and its impact on AI products."
81,Key AI Trends in 2024,1,beginner,"This module will focus on the key AI trends that will define AI progress in 2024, such as generative AIâ€™s disruption of traditional data analysis, the widespread integration of large language models (LLMs), and the emergence of multi-modal retrieval architectures and multi-modal inference taking center stage in AI products."
82,Machine Learning Week 2024,1,beginner,"In this beginner-level module, participants will be introduced to the premier machine learning event in 2024. They will witness how practitioners at leading enterprises apply machine learning and gain insights into predictive modeling as the core technology in machine learning."
83,Understanding Multimodal AI,1,beginner,"This module will provide beginners with an understanding of multimodal AI, which goes beyond traditional single-mode data processing to encompass multiple input types. Participants will learn about the step toward mimicking the human ability to process diverse sensory information."
84,Module 1: Top Machine Learning Trends 2024,1,advanced,"This module explores the most significant trends in machine learning projected for 2024, including the rapid growth in computing power, breakthroughs in algorithmic innovation, and the integration of large language models (LLMs)."
85,Module 2: Unveiling the Future: AI and Machine Learning Trends of 2024,1,advanced,"Delve into the latest trends in AI and ML that are poised to take center stage in 2024, offering a glimpse into the groundbreaking applications of AI for the betterment of humanity."
86,Module 3: 10 Top AI and Machine Learning Trends for 2024,1,advanced,"This module presents the top trends IT leaders should prepare for in 2024, including automated machine learning (AutoML) and multimodal AI, which goes beyond traditional single-mode data processing to encompass multiple input types."
87,Module 4: Key AI Trends to Look For in 2024,1,advanced,"Explore the most significant trend in AI in 2024, such as generative AI's disruption of traditional data analysis and the widespread integration of large language models (LLMs)."
88,Module 5: Machine Learning Roadmap For 2024 (With Certifications),1,advanced,"For those keen on understanding the intricacies of advancements in AI and machine learning, this module offers curated top machine learning certifications for 2024, covering topics such as supervised and unsupervised learning."
89,Module 1: Understanding the Written Test Process,8,beginner,"This module will cover the basic concepts of written tests, including types of written tests, their purposes, and the typical structure of a written test."
90,Module 2: Developing Effective Test-Taking Strategies,8,beginner,"In this module, learners will explore various strategies for approaching written tests, such as time management, question interpretation, and critical thinking skills."
91,Module 3: Improving Reading Comprehension Skills,8,beginner,"This module will focus on enhancing reading comprehension abilities, including identifying main ideas, making inferences, and understanding context."
92,Module 4: Mastering Grammar and Vocabulary for Written Tests,8,beginner,Learners will review essential grammar rules and expand their vocabulary to improve their performance in written tests through this module.
93,Module 5: Practicing Sample Written Tests,8,beginner,This module will provide learners with opportunities to apply their knowledge by completing sample written tests and receiving feedback on their performance.
94,Module 6: Managing Test Anxiety and Stress,8,beginner,"In this module, learners will learn strategies to manage test anxiety and stress, allowing them to approach written tests with confidence and focus."
95,Module 1: Advanced Test-Taking Strategies,8,advanced,"This module will cover advanced test-taking strategies such as time management, critical thinking, and effective guessing techniques to improve performance on written tests."
96,Module 2: Advanced Essay Writing Techniques,8,advanced,"In this module, students will learn advanced essay writing techniques including structuring complex arguments, incorporating research effectively, and refining their writing style for written tests."
97,Module 3: Advanced Grammar and Syntax Mastery,8,advanced,"This module will focus on advanced grammar and syntax rules, as well as techniques for applying them effectively in written test responses to convey complex ideas clearly and accurately."
98,Module 4: Advanced Vocabulary Development,8,advanced,"Students will expand their vocabulary through advanced techniques such as analyzing word roots, learning advanced vocabulary in context, and using sophisticated language in their written test responses."
99,Module 1 - Introduction to Auditing,9,beginner,"This module provides an overview of auditing, including its purpose, objectives, and benefits. It also covers the basic principles and concepts of auditing."
100,Module 2 - Types of Audits,9,beginner,"This module discusses the different types of audits, such as financial audit, operational audit, and compliance audit. It also explores the differences between these types of audits and when each type is appropriate."
101,Module 3 - Audit Process,9,beginner,"In this module, students will learn about the audit process, including planning, risk assessment, evidence gathering, and reporting. They will also understand the steps involved in conducting an audit."
102,Module 4 - Internal Controls and Auditing,9,beginner,"This module focuses on the importance of internal controls in auditing, including the role of internal controls, types of internal controls, and their impact on the audit process. It also covers the assessment of internal controls as part of the audit."
103,Module 5 - Ethical Considerations in Auditing,9,beginner,"This module addresses the ethical considerations in auditing, including independence, objectivity, and professional behavior. It also discusses ethical dilemmas and how to handle them in the auditing profession."
104,Module 1: Advanced Auditing Procedures,9,advanced,"This module covers advanced auditing procedures such as statistical sampling, internal control testing, and analytical review techniques. It also delves into fraud detection and investigation methods."
105,Module 2: Advanced Forensic Accounting,9,advanced,"This module focuses on advanced forensic accounting techniques for auditing, including electronic data analysis, asset tracing, and litigation support. It also covers the legal and ethical considerations in forensic accounting."
106,Module 3: Advanced Audit Analytics,9,advanced,"This module explores advanced audit analytics tools and techniques, including data mining, predictive modeling, and visualization. It also covers the application of artificial intelligence and machine learning in audit analytics."
107,Module 4: Advanced Internal and External Auditing Standards,9,advanced,"This module delves into advanced internal and external auditing standards, including international auditing standards, professional ethics, and best practices in audit reporting. It also covers the latest developments in auditing regulations and standards."
108,Module 5: Advanced Risk Assessment and Assurance Services,9,advanced,"This module covers advanced risk assessment methodologies and assurance services, including the assessment of business risks, IT risks, and cybersecurity risks. It also explores the role of auditors in providing assurance on non-financial information."
109,Module 6: Advanced Auditor Independence and Professional Skepticism,9,advanced,"This module emphasizes the importance of auditor independence and professional skepticism in advanced auditing practices. It covers the ethical dilemmas, psychological biases, and behavioral aspects that may affect auditor independence and skepticism."
110,Module 1: Introduction to LoRA in Large Language Models,10,beginner,"This module provides a beginner-level introduction to LoRA, its significance in large language models, and its application in natural language processing tasks. Students will learn about the basics of LoRA and its impact on reducing trainable parameters for downstream tasks."
111,Module 2: Understanding Low-Rank Adaptation in Language Models,10,beginner,"In this module, students will gain a foundational understanding of low-rank adaptation and its relevance in large language models. The module will cover the concept of trainable rank decomposition matrices and their role in reducing the number of trainable parameters for language modeling tasks."
112,Module 3: Exploring the Implementation of LoRA in Natural Language Processing,10,beginner,"This module focuses on exploring the practical implementation of LoRA in natural language processing tasks. Students will learn about the specific techniques and strategies used in LoRA to address the challenges associated with large language models, including its performance compared to GPT-2 and GPT-3."
113,Module 4: Applications and Impact of LoRA in Language Modeling,10,beginner,"In this module, students will delve into the real-world applications and impact of LoRA in language modeling. The module will highlight the effectiveness of LoRA in addressing challenges and shedding light on its significance in revolutionizing bias mitigation in large language models."
114,Module 5: LoRA: Enhancing Performance in Downstream Tasks,10,beginner,This module focuses on how LoRA enhances performance in downstream tasks for natural language processing. Students will gain insight into how LoRA compares to fine-tuning in model performance and its implications for reducing inference latency and improving language modeling.
115,Module 6: Challenges and Future Developments of LoRA in Language Models,10,beginner,"This module will cover the challenges and future developments of LoRA in language models. Students will explore the potential obstacles and advancements in the application of LoRA, as well as its role in further facilitating the adoption of low-rank adaptation in the field of natural language processing."
116,LoRA: Low-Rank Adaptation of Large Language Models,10,advanced,"This module explores LoRA, a technique for low-rank adaptation of large language models. It involves freezing pre-trained model weights and injecting trainable rank decomposition matrices into each layer of the Transformer architecture, reducing the number of trainable parameters for downstream tasks."
117,LoRA-FA: Memory-efficient Low-rank Adaptation for Large Language Models Fine-tuning,10,advanced,"In this advanced module, students will dive into LoRA-FA, which focuses on memory-efficient low-rank adaptation for large language model fine-tuning. It involves ensembles for large language model fine-tuning and parameter-efficient tuning of large language models."
118,LoRA ensembles for large language model fine-tuning,10,advanced,This module delves into LoRA ensembles and their role in large language model fine-tuning. It covers the concept of freezing pre-trained model weights and injecting trainable rank decomposition matrices into each layer of the Transformer architecture.
119,LoDA: Low-Dimensional Adaptation of Large Language Models,10,advanced,"This advanced module introduces LoDA, a low-dimensional adaptation technique for large language models. It explores freezing pre-trained model weights and injecting trainable rank decomposition matrices into each layer of the Transformer architecture to reduce the number of trainable parameters for downstream tasks."
120,PARAMETER-EFFICIENT TUNING OF LARGE LANGUAGE MODELS,10,advanced,"In this module, students will learn about parameter-efficient tuning of large language models. It covers techniques such as freezing pre-trained model weights and injecting trainable rank decomposition matrices into each layer of the Transformer architecture, leading to memory-efficient adaptation for large language models."
121,LoRA: Low-Rank Adaptation of Large Language ModelsCode for loralib,10,advanced,This module provides an in-depth understanding of LoRA and its implementation in code for loralib. It covers the concept of low-rank adaptation for large language models and the use of trainable rank decomposition matrices to reduce the number of trainable parameters for downstream tasks.
122,Module 1: Introduction to Backend Development,11,beginner,"This module will provide an overview of backend development, including the role of the backend, common technologies used, and the basics of server-side programming."
123,Module 2: Setting Up a Backend Environment,11,beginner,"In this module, students will learn how to set up a development environment for backend programming, including installing necessary software and tools."
124,Module 3: Working with Databases,11,beginner,"This module will cover the basics of database management and how to integrate databases with backend applications, including querying, data manipulation, and security best practices."
125,Module 4: Building RESTful APIs,11,beginner,"Students will learn about creating and consuming RESTful APIs, including handling HTTP requests, designing endpoints, and implementing CRUD operations."
126,Module 5: User Authentication and Authorization,11,beginner,"This module will teach students about implementing user authentication and authorization in backend applications, including secure login systems and role-based access control."
127,Module 6: Deploying and Scaling Backend Applications,11,beginner,"In this module, students will learn about deploying and scaling backend applications, including considerations for deployment options, performance optimization, and handling increased traffic."
128,Module 1: Advanced Database Management in Backend Development,11,advanced,"This module covers advanced techniques and strategies for managing databases in the context of backend development. Topics include database normalization, indexing, performance optimization, and security."
129,Module 2: Advanced Server-Side Scripting and Frameworks,11,advanced,"This module delves into advanced server-side scripting languages such as PHP, Python, Node.js, and their associated frameworks. Students will learn advanced concepts like concurrency, event-driven programming, and scalable application architecture."
130,Module 3: Advanced API Design and Implementation,11,advanced,"This module focuses on advanced API design principles and best practices for creating robust and scalable APIs in backend development. Topics include versioning, authentication, rate limiting, caching, and error handling."
131,Module 4: Advanced Data Infrastructure and Scalability,11,advanced,"This module explores advanced concepts in data infrastructure and scalability for backend development. Topics include distributed data stores, sharding, caching strategies, data replication, and fault tolerance."
132,Module 5: Advanced Security and Encryption in Backend Development,11,advanced,"This module covers advanced techniques for implementing security measures and encryption in backend development. Topics include secure communication protocols, cryptographic algorithms, threat modeling, and security best practices."
133,Module 6: Advanced Performance Tuning and Optimization in Backend Systems,11,advanced,"This module delves into advanced techniques for optimizing performance in backend systems. Topics include profiling, caching strategies, load balancing, asynchronous processing, and distributed computing."
134,Module 1: Introduction to Generative AI,12,beginner,"This module will provide an overview of generative AI, including its applications and potential impact on various industries."
135,Module 2: Fundamentals of Neural Networks,12,beginner,"In this module, students will learn the basics of neural networks, which are essential for understanding generative AI algorithms."
136,Module 3: Generative Adversarial Networks (GANs),12,beginner,"This module will focus on GANs, a popular approach in generative AI, and how they are used to generate new data from existing datasets."
137,Module 4: Image Generation with Convolutional Neural Networks (CNNs),12,beginner,"Students will explore how CNNs can be used to generate realistic images in this module, with a focus on applications in computer vision and image processing."
138,Module 5: Text Generation with Recurrent Neural Networks (RNNs),12,beginner,"In this module, students will learn about RNNs and how they can be used to generate coherent and realistic text, with applications in natural language processing and chatbot development."
139,Module 6: Ethics and Implications of Generative AI,12,beginner,"The final module will touch on the ethical considerations and potential implications of generative AI, including issues related to privacy, misinformation, and bias in AI-generated content."
140,Module 1 - Advanced Techniques in Generative Adversarial Networks (GANs),12,advanced,"This module will cover advanced techniques in GANs such as Wasserstein GAN, cycle-consistent GAN, and progressive GAN. Students will learn about the latest advancements in GANs and how to apply them in generating high-quality realistic images and data."
141,Module 2 - Variational Autoencoders (VAEs) and Applications,12,advanced,"In this module, students will explore advanced concepts in VAEs and their applications in generating complex and high-dimensional data such as images, text, and music. Topics include understanding the latent space, variational inference, and VAE-based generative models."
142,Module 3 - Deep Reinforcement Learning for Generative Tasks,12,advanced,"This module will focus on the application of deep reinforcement learning in generative tasks such as sequence generation, content creation, and game playing. Students will learn about advanced algorithms like policy gradient methods and actor-critic models for generative AI."
143,Module 4 - Advanced Evolutionary Algorithms for Generative Art,12,advanced,"Students will delve into advanced evolutionary algorithms for generative art, including genetic algorithms, neuroevolution, and interactive evolution. They will explore how to create and evolve artistic content using computational methods."
144,Module 5 - Simulation-Based Generative Modeling,12,advanced,"This module will cover advanced techniques in simulation-based generative modeling, including Bayesian optimization, Monte Carlo methods, and Markov chain Monte Carlo. Students will learn how to generate complex data distributions and perform inference in generative AI."
145,Module 6 - Advanced Natural Language Generation (NLG) and Dialogue Systems,12,advanced,"In this module, students will explore advanced techniques in natural language generation and dialogue systems. Topics include neural language models, sequence-to-sequence models, and transformer-based architectures for generating human-like language and dialogue responses."
146,Module 1: Introduction to Personal Finance,13,beginner,"This module covers the basics of personal finance including budgeting, saving, and managing debt. It also provides an overview of different financial products such as bank accounts and credit cards."
147,Module 2: Understanding the Stock Market,13,beginner,"This module introduces beginners to the concept of the stock market, including how it works, the different investment options available, and the basics of stock trading."
148,Module 3: Basics of Investing,13,beginner,"This module covers the fundamental principles of investing, including the different investment vehicles such as stocks, bonds, and mutual funds, and the concept of risk and return."
149,Module 4: Introduction to Taxes and Tax Planning,13,beginner,"This module provides an overview of the tax system, including different types of taxes and the basics of tax planning for individuals."
150,Module 5: Introduction to Retirement Planning,13,beginner,"This module covers the basics of retirement planning, including the importance of saving for retirement, different retirement accounts, and common investment strategies for retirement."
151,Module 6: Understanding Credit and Loans,13,beginner,"This module provides an introduction to credit, including how credit works, the different types of loans available, and the importance of maintaining good credit."
152,Module 1: Advanced Financial Analysis and Modeling,13,advanced,"This module covers advanced techniques in financial analysis and modeling, including complex financial statement analysis, forecasting methods, and advanced valuation techniques."
153,Module 2: Advanced Corporate Finance,13,advanced,"This module delves into advanced topics in corporate finance, such as capital structure decisions, mergers and acquisitions, and corporate strategy and financial performance."
154,Module 3: Advanced Investment Management,13,advanced,"This module explores advanced investment strategies and portfolio management techniques, including asset allocation, risk management, and alternative investments."
155,Module 4: Advanced Derivatives and Risk Management,13,advanced,"This module focuses on advanced derivative instruments, such as options, futures, and swaps, and their use in hedging and managing financial risk."
156,Module 5: Advanced Financial Econometrics,13,advanced,"This module delves into advanced methods in financial econometrics, including time series analysis, multivariate analysis, and financial data visualization."
157,Module 6: Advanced Financial Engineering,13,advanced,"This module covers advanced concepts in financial engineering, including structured finance products, securitization, and credit derivatives."
158,Introduction to LoRA in Large Language Models,14,beginner,"This module will provide an introduction to LoRA and its role in advancing large language models, setting the stage for the future of AI."
159,The Power of LoRA in Large Language Models,14,beginner,"Learn about the potential of LoRA in tuning large language models to specific artistic styles efficiently, as well as its pivotal role in the broader adoption and deployment of these models in real-world applications."
160,Mastering Low-Rank Adaptation with LoRA,14,beginner,"Discover the technique of low-rank adaptation using LoRA, and how it enhances the efficiency of large language models for adaptation in various applications, ranging from text generation to language understanding."
161,Implementing LoRA: A Beginner's Guide,14,beginner,"Get an overview of the implementation of LoRA and its support by the State-of-the-art Parameter-Efficient Fine-Tuning (PEFT) library, empowering beginners to understand and apply this technique in practice."
162,Demystifying Low-Rank Adaptation with LoRA,14,beginner,"Explore the benefits and fundamental principles of LoRA as a powerful technique for fine-tuning large language models with remarkable efficiency and memory savings, compared to traditional fine-tuning methods."
163,Harnessing the Power of LoRA in Large Language Models: A Deep Dive into the Future of AI,14,advanced,Explore the advancements of LoRA in language models and its potential impact on the future of AI.
164,"LoRA, QLoRA and QA-LoRA: Efficient Adaptability in Large Language Models Through Low-Rank Matrix Factorization",14,advanced,Discover the efficient adaptability of LoRA in large language models and its potential for real-world deployment.
165,LoRA: Low-Rank Adaptation of Large Language Models,14,advanced,Delve into the technique of low-rank adaptation in large language models and its exceptional capabilities in various applications.
166,LoRA: Low-Rank Adaptation of Large Language Models - Code Implementation,14,advanced,Learn about the code implementation of LoRA for low-rank adaptation in large language models by exploring the State-of-the-art Parameter-Efficient Fine-Tuning (PEFT) library.
